{
  "aws_project_region": "us-east-1",
  "aws_cognito_identity_pool_id": "us-east-1:40f6d3a5-3be3-4060-8663-716cea57a190",
  "aws_cognito_region": "us-east-1",
  "aws_user_pools_id": "us-east-1_T5vYoBi0N",
  "aws_user_pools_web_client_id": "1v5kg2qprjtsnvia0hikm1blvd",
  "oauth": {
    "domain": "us-east-1t5vyobi0n.auth.us-east-1.amazoncognito.com",
    "scope": ["phone", "email", "profile", "openid", "aws.cognito.signin.user.admin"],
    "redirectSignIn": "https://visit-jo.com/",
    "redirectSignOut": "https://visit-jo.com/",
    "responseType": "code"
  },
  "aws_cognito_username_attributes": [
    "EMAIL"
  ],
  "aws_cognito_social_providers": [],
  "aws_cognito_signup_attributes": [
    "EMAIL"
  ],
  "aws_cognito_mfa_types": ["TOTP", "SMS"],
  "aws_cognito_password_protection_settings": {
    "passwordPolicyCharacters": []
  },
  "aws_cognito_verification_mechanisms": [
    "EMAIL"
  ]
}
